<?xml version="1.0" encoding="UTF-8"?>
<!DOCTYPE mapper
  PUBLIC "-//mybatis.org//DTD Mapper 3.0//EN"
  "http://mybatis.org/dtd/mybatis-3-mapper.dtd">
<mapper namespace="board">

 <select id="selectOne" resultType="board" parameterType="int">
        select *
        from board
        where num  = #{num }
    </select>
    <select id="selectList" resultType="board">
        select *
        from board
    </select>
    <insert id="insertBoard" parameterType="map">
        insert into board(id, title, content)
        values(#{id}, #{title}, #{content})
    </insert>
    <update id="updateBoard" parameterType="board">
        update board
        set title = #{title}, content = #{content}
        where num  = #{num }
    </update>
    <delete id="deleteBoard" parameterType="int">
        delete from board
        where num  = #{num }
    </delete>

</mapper>