<?xml version="1.0" encoding="UTF-8"?>
<!DOCTYPE mapper
  PUBLIC "-//mybatis.org//DTD Mapper 3.0//EN"
  "http://mybatis.org/dtd/mybatis-3-mapper.dtd">
<mapper namespace="qna">

 <select id="selectOne" resultType="qna" parameterType="int">
        select *
        from qna
        where num  = #{num }
    </select>
    <select id="selectList" resultType="qna">
        select *
        from qna
    </select>
    <insert id="insertQna" parameterType="map">
        insert into qna(id, title, content)
        values(#{id}, #{title}, #{content})
    </insert>
    <update id="updateQna" parameterType="qna">
        update qna
        set id = #{id}, title = #{title}, content = #{content}
        where num  = #{num }
    </update>
    <delete id="deleteQna" parameterType="int">
        delete from qna
        where num  = #{num }
    </delete>

</mapper>